Workbook

Sheet README
A1: Production Planning Workbook - SAMPLE (Fictional Data)
A3: Purpose: portfolio sample showing production planning, output tracking, machine scheduling and material requests.
A4: All data is fictional. Model names, customers, quantities and dates are made up and do not come from any real company.
A6: Sheets
A7: Production Plan - shipment requirements converted into lots to start, with start-by dates and status.
A8: Daily Output - target vs actual output per process, variance, attainment % and productivity per operator.
A9: Machine Schedule - chained machine jobs: run time, start and finish times with setup time between jobs.
A10: Material Request - lots requested vs raw material available, net lots to request.
A11: Dashboard - KPI summary and attainment trend chart, all formula-driven.
A13: Legend
A14: Blue text on yellow fill = input cell you can change. Black text = formula. Green text = link from another sheet.
A15: Change an input (for example Expected Yield or Lead Time) and every dependent number updates.
A17: Example input cell: | B17: 0.95

Sheet Dashboard
A1: Production Dashboard - October 2026 (Sample)
A3: Process | B3: Total Target (pcs) | C3: Total Actual (pcs) | D3: Attainment % | E3: Avg Output per Operator | F3: Days Below 90% | H3: Shipment Plan KPIs
A4: First Process | B4: =SUMIFS('Daily Output'!$C$5:$C$44,'Daily Output'!$B$5:$B$44,A4) -> 840000 | C4: =SUMIFS('Daily Output'!$D$5:$D$44,'Daily Output'!$B$5:$B$44,A4) -> 814000 | D4: =IFERROR(C4/B4,0) -> 0.96904762 | E4: =AVERAGEIFS('Daily Output'!$H$5:$H$44,'Daily Output'!$B$5:$B$44,A4) -> 3391.6667 | F4: =COUNTIFS('Daily Output'!$B$5:$B$44,A4,'Daily Output'!$F$5:$F$44,"<0.9") -> 4 | H4: Total shipment qty (pcs) | I4: ='Production Plan'!D19 -> 477680
A5: Washing | B5: =SUMIFS('Daily Output'!$C$5:$C$44,'Daily Output'!$B$5:$B$44,A5) -> 760000 | C5: =SUMIFS('Daily Output'!$D$5:$D$44,'Daily Output'!$B$5:$B$44,A5) -> 709100 | D5: =IFERROR(C5/B5,0) -> 0.93302632 | E5: =AVERAGEIFS('Daily Output'!$H$5:$H$44,'Daily Output'!$B$5:$B$44,A5) -> 3939.4444 | F5: =COUNTIFS('Daily Output'!$B$5:$B$44,A5,'Daily Output'!$F$5:$F$44,"<0.9") -> 8 | H5: Total lots to start | I5: ='Production Plan'!H19 -> 392
A6: ALL PROCESSES | B6: =SUM(B4:B5) -> 1600000 | C6: =SUM(C4:C5) -> 1523100 | D6: =IFERROR(C6/B6,0) -> 0.9519375 | E6: =AVERAGE('Daily Output'!$H$5:$H$44) -> 3665.5556 | F6: =SUM(F4:F5) -> 12 | H6: Models to start now | I6: =COUNTIF('Production Plan'!J7:J18,"Start Now") -> 2
H7: Net lots to request (material) | I7: ='Material Request'!F10 -> 104
A9: Daily attainment % by process (chart data)
A10: Date | B10: First Process | C10: Washing
A11: 46296 | B11: =IFERROR(SUMIFS('Daily Output'!$D$5:$D$44,'Daily Output'!$A$5:$A$44,$A11,'Daily Output'!$B$5:$B$44,B$10)/SUMIFS('Daily Output'!$C$5:$C$44,'Daily Output'!$A$5:$A$44,$A11,'Daily Output'!$B$5:$B$44,B$10),0) -> 0.98571429 | C11: =IFERROR(SUMIFS('Daily Output'!$D$5:$D$44,'Daily Output'!$A$5:$A$44,$A11,'Daily Output'!$B$5:$B$44,C$10)/SUMIFS('Daily Output'!$C$5:$C$44,'Daily Output'!$A$5:$A$44,$A11,'Daily Output'!$B$5:$B$44,C$10),0) -> 0.84473684
A12: 46297 | B12: =IFERROR(SUMIFS('Daily Output'!$D$5:$D$44,'Daily Output'!$A$5:$A$44,$A12,'Daily Output'!$B$5:$B$44,B$10)/SUMIFS('Daily Output'!$C$5:$C$44,'Daily Output'!$A$5:$A$44,$A12,'Daily Output'!$B$5:$B$44,B$10),0) -> 0.90238095 | C12: =IFERROR(SUMIFS('Daily Output'!$D$5:$D$44,'Daily Output'!$A$5:$A$44,$A12,'Daily Output'!$B$5:$B$44,C$10)/SUMIFS('Daily Output'!$C$5:$C$44,'Daily Output'!$A$5:$A$44,$A12,'Daily Output'!$B$5:$B$44,C$10),0) -> 0.88947368
A13: 46300 | B13: =IFERROR(SUMIFS('Daily Output'!$D$5:$D$44,'Daily Output'!$A$5:$A$44,$A13,'Daily Output'!$B$5:$B$44,B$10)/SUMIFS('Daily Output'!$C$5:$C$44,'Daily Output'!$A$5:$A$44,$A13,'Daily Output'!$B$5:$B$44,B$10),0) -> 1.0071429 | C13: =IFERROR(SUMIFS('Daily Output'!$D$5:$D$44,'Daily Output'!$A$5:$A$44,$A13,'Daily Output'!$B$5:$B$44,C$10)/SUMIFS('Daily Output'!$C$5:$C$44,'Daily Output'!$A$5:$A$44,$A13,'Daily Output'!$B$5:$B$44,C$10),0) -> 0.99473684
A14: 46301 | B14: =IFERROR(SUMIFS('Daily Output'!$D$5:$D$44,'Daily Output'!$A$5:$A$44,$A14,'Daily Output'!$B$5:$B$44,B$10)/SUMIFS('Daily Output'!$C$5:$C$44,'Daily Output'!$A$5:$A$44,$A14,'Daily Output'!$B$5:$B$44,B$10),0) -> 1.0428571 | C14: =IFERROR(SUMIFS('Daily Output'!$D$5:$D$44,'Daily Output'!$A$5:$A$44,$A14,'Daily Output'!$B$5:$B$44,C$10)/SUMIFS('Daily Output'!$C$5:$C$44,'Daily Output'!$A$5:$A$44,$A14,'Daily Output'!$B$5:$B$44,C$10),0) -> 0.85789474
A15: 46302 | B15: =IFERROR(SUMIFS('Daily Output'!$D$5:$D$44,'Daily Output'!$A$5:$A$44,$A15,'Daily Output'!$B$5:$B$44,B$10)/SUMIFS('Daily Output'!$C$5:$C$44,'Daily Output'!$A$5:$A$44,$A15,'Daily Output'!$B$5:$B$44,B$10),0) -> 0.93571429 | C15: =IFERROR(SUMIFS('Daily Output'!$D$5:$D$44,'Daily Output'!$A$5:$A$44,$A15,'Daily Output'!$B$5:$B$44,C$10)/SUMIFS('Daily Output'!$C$5:$C$44,'Daily Output'!$A$5:$A$44,$A15,'Daily Output'!$B$5:$B$44,C$10),0) -> 0.84473684
A16: 46303 | B16: =IFERROR(SUMIFS('Daily Output'!$D$5:$D$44,'Daily Output'!$A$5:$A$44,$A16,'Daily Output'!$B$5:$B$44,B$10)/SUMIFS('Daily Output'!$C$5:$C$44,'Daily Output'!$A$5:$A$44,$A16,'Daily Output'!$B$5:$B$44,B$10),0) -> 0.88809524 | C16: =IFERROR(SUMIFS('Daily Output'!$D$5:$D$44,'Daily Output'!$A$5:$A$44,$A16,'Daily Output'!$B$5:$B$44,C$10)/SUMIFS('Daily Output'!$C$5:$C$44,'Daily Output'!$A$5:$A$44,$A16,'Daily Output'!$B$5:$B$44,C$10),0) -> 0.95526316
A17: 46304 | B17: =IFERROR(SUMIFS('Daily Output'!$D$5:$D$44,'Daily Output'!$A$5:$A$44,$A17,'Daily Output'!$B$5:$B$44,B$10)/SUMIFS('Daily Output'!$C$5:$C$44,'Daily Output'!$A$5:$A$44,$A17,'Daily Output'!$B$5:$B$44,B$10),0) -> 0.8452381 | C17: =IFERROR(SUMIFS('Daily Output'!$D$5:$D$44,'Daily Output'!$A$5:$A$44,$A17,'Daily Output'!$B$5:$B$44,C$10)/SUMIFS('Daily Output'!$C$5:$C$44,'Daily Output'!$A$5:$A$44,$A17,'Daily Output'!$B$5:$B$44,C$10),0) -> 0.88421053
A18: 46307 | B18: =IFERROR(SUMIFS('Daily Output'!$D$5:$D$44,'Daily Output'!$A$5:$A$44,$A18,'Daily Output'!$B$5:$B$44,B$10)/SUMIFS('Daily Output'!$C$5:$C$44,'Daily Output'!$A$5:$A$44,$A18,'Daily Output'!$B$5:$B$44,B$10),0) -> 0.98809524 | C18: =IFERROR(SUMIFS('Daily Output'!$D$5:$D$44,'Daily Output'!$A$5:$A$44,$A18,'Daily Output'!$B$5:$B$44,C$10)/SUMIFS('Daily Output'!$C$5:$C$44,'Daily Output'!$A$5:$A$44,$A18,'Daily Output'!$B$5:$B$44,C$10),0) -> 0.96315789
A19: 46308 | B19: =IFERROR(SUMIFS('Daily Output'!$D$5:$D$44,'Daily Output'!$A$5:$A$44,$A19,'Daily Output'!$B$5:$B$44,B$10)/SUMIFS('Daily Output'!$C$5:$C$44,'Daily Output'!$A$5:$A$44,$A19,'Daily Output'!$B$5:$B$44,B$10),0) -> 0.89047619 | C19: =IFERROR(SUMIFS('Daily Output'!$D$5:$D$44,'Daily Output'!$A$5:$A$44,$A19,'Daily Output'!$B$5:$B$44,C$10)/SUMIFS('Daily Output'!$C$5:$C$44,'Daily Output'!$A$5:$A$44,$A19,'Daily Output'!$B$5:$B$44,C$10),0) -> 0.97368421
A20: 46309 | B20: =IFERROR(SUMIFS('Daily Output'!$D$5:$D$44,'Daily Output'!$A$5:$A$44,$A20,'Daily Output'!$B$5:$B$44,B$10)/SUMIFS('Daily Output'!$C$5:$C$44,'Daily Output'!$A$5:$A$44,$A20,'Daily Output'!$B$5:$B$44,B$10),0) -> 1.0238095 | C20: =IFERROR(SUMIFS('Daily Output'!$D$5:$D$44,'Daily Output'!$A$5:$A$44,$A20,'Daily Output'!$B$5:$B$44,C$10)/SUMIFS('Daily Output'!$C$5:$C$44,'Daily Output'!$A$5:$A$44,$A20,'Daily Output'!$B$5:$B$44,C$10),0) -> 0.83947368
A21: 46310 | B21: =IFERROR(SUMIFS('Daily Output'!$D$5:$D$44,'Daily Output'!$A$5:$A$44,$A21,'Daily Output'!$B$5:$B$44,B$10)/SUMIFS('Daily Output'!$C$5:$C$44,'Daily Output'!$A$5:$A$44,$A21,'Daily Output'!$B$5:$B$44,B$10),0) -> 1.0238095 | C21: =IFERROR(SUMIFS('Daily Output'!$D$5:$D$44,'Daily Output'!$A$5:$A$44,$A21,'Daily Output'!$B$5:$B$44,C$10)/SUMIFS('Daily Output'!$C$5:$C$44,'Daily Output'!$A$5:$A$44,$A21,'Daily Output'!$B$5:$B$44,C$10),0) -> 1
A22: 46311 | B22: =IFERROR(SUMIFS('Daily Output'!$D$5:$D$44,'Daily Output'!$A$5:$A$44,$A22,'Daily Output'!$B$5:$B$44,B$10)/SUMIFS('Daily Output'!$C$5:$C$44,'Daily Output'!$A$5:$A$44,$A22,'Daily Output'!$B$5:$B$44,B$10),0) -> 0.91666667 | C22: =IFERROR(SUMIFS('Daily Output'!$D$5:$D$44,'Daily Output'!$A$5:$A$44,$A22,'Daily Output'!$B$5:$B$44,C$10)/SUMIFS('Daily Output'!$C$5:$C$44,'Daily Output'!$A$5:$A$44,$A22,'Daily Output'!$B$5:$B$44,C$10),0) -> 0.87368421
... A30: 46323 | B30: =IFERROR(SUMIFS('Daily Output'!$D$5:$D$44,'Daily Output'!$A$5:$A$44,$A30,'Daily Output'!$B$5:$B$44,B$10)/SUMIFS('Daily Output'!$C$5:$C$44,'Daily Output'!$A$5:$A$44,$A30,'Daily Output'!$B$5:$B$44,B$10),0) -> 1.0380952 | C30: =IFERROR(SUMIFS('Daily Output'!$D$5:$D$44,'Daily Output'!$A$5:$A$44,$A30,'Daily Output'!$B$5:$B$44,C$10)/SUMIFS('Daily Output'!$C$5:$C$44,'Daily Output'!$A$5:$A$44,$A30,'Daily Output'!$B$5:$B$44,C$10),0) -> 0.97105263
A32: All figures on this sheet are formulas linked to the other sheets (fictional sample data).

Sheet Production Plan
A1: Production Plan - Shipment Requirements (Sample)
A3: Process lead time (days) | B3: 7 | C3: Assumption: days of processing needed before shipment (sample value).
A4: Plan date | B4: 46324
A6: Model | B6: Customer | C6: Shipment Date | D6: Shipment Qty (pcs) | E6: Pcs per Lot | F6: Lots Required | G6: Expected Yield | H6: Lots to Start | I6: Start By | J6: Status
A7: MDL-A101 | B7: Customer A | C7: 46329 | D7: 48000 | E7: 1200 | F7: =ROUNDUP(D7/E7,0) -> 40 | G7: 0.96 | H7: =ROUNDUP(F7/G7,0) -> 42 | I7: =C7-$B$3 -> 46322 | J7: =IF(C7<$B$4,"Shipped",IF(I7<=$B$4,"Start Now","Scheduled")) -> Start Now
A8: MDL-A102 | B8: Customer A | C8: 46331 | D8: 36000 | E8: 1200 | F8: =ROUNDUP(D8/E8,0) -> 30 | G8: 0.95 | H8: =ROUNDUP(F8/G8,0) -> 32 | I8: =C8-$B$3 -> 46324 | J8: =IF(C8<$B$4,"Shipped",IF(I8<=$B$4,"Start Now","Scheduled")) -> Start Now
A9: MDL-B210 | B9: Customer B | C9: 46332 | D9: 25200 | E9: 840 | F9: =ROUNDUP(D9/E9,0) -> 30 | G9: 0.93 | H9: =ROUNDUP(F9/G9,0) -> 33 | I9: =C9-$B$3 -> 46325 | J9: =IF(C9<$B$4,"Shipped",IF(I9<=$B$4,"Start Now","Scheduled")) -> Scheduled
A10: MDL-B215 | B10: Customer B | C10: 46336 | D10: 60480 | E10: 2016 | F10: =ROUNDUP(D10/E10,0) -> 30 | G10: 0.94 | H10: =ROUNDUP(F10/G10,0) -> 32 | I10: =C10-$B$3 -> 46329 | J10: =IF(C10<$B$4,"Shipped",IF(I10<=$B$4,"Start Now","Scheduled")) -> Scheduled
A11: MDL-C305 | B11: Customer C | C11: 46338 | D11: 15000 | E11: 500 | F11: =ROUNDUP(D11/E11,0) -> 30 | G11: 0.97 | H11: =ROUNDUP(F11/G11,0) -> 31 | I11: =C11-$B$3 -> 46331 | J11: =IF(C11<$B$4,"Shipped",IF(I11<=$B$4,"Start Now","Scheduled")) -> Scheduled
A12: MDL-C312 | B12: Customer C | C12: 46339 | D12: 41600 | E12: 1600 | F12: =ROUNDUP(D12/E12,0) -> 26 | G12: 0.92 | H12: =ROUNDUP(F12/G12,0) -> 29 | I12: =C12-$B$3 -> 46332 | J12: =IF(C12<$B$4,"Shipped",IF(I12<=$B$4,"Start Now","Scheduled")) -> Scheduled
A13: MDL-D420 | B13: Customer D | C13: 46343 | D13: 72000 | E13: 2400 | F13: =ROUNDUP(D13/E13,0) -> 30 | G13: 0.95 | H13: =ROUNDUP(F13/G13,0) -> 32 | I13: =C13-$B$3 -> 46336 | J13: =IF(C13<$B$4,"Shipped",IF(I13<=$B$4,"Start Now","Scheduled")) -> Scheduled
A14: MDL-D433 | B14: Customer D | C14: 46345 | D14: 19200 | E14: 640 | F14: =ROUNDUP(D14/E14,0) -> 30 | G14: 0.96 | H14: =ROUNDUP(F14/G14,0) -> 32 | I14: =C14-$B$3 -> 46338 | J14: =IF(C14<$B$4,"Shipped",IF(I14<=$B$4,"Start Now","Scheduled")) -> Scheduled
A15: MDL-E510 | B15: Customer E | C15: 46346 | D15: 52800 | E15: 1760 | F15: =ROUNDUP(D15/E15,0) -> 30 | G15: 0.94 | H15: =ROUNDUP(F15/G15,0) -> 32 | I15: =C15-$B$3 -> 46339 | J15: =IF(C15<$B$4,"Shipped",IF(I15<=$B$4,"Start Now","Scheduled")) -> Scheduled
A16: MDL-E525 | B16: Customer E | C16: 46350 | D16: 33600 | E16: 1120 | F16: =ROUNDUP(D16/E16,0) -> 30 | G16: 0.95 | H16: =ROUNDUP(F16/G16,0) -> 32 | I16: =C16-$B$3 -> 46343 | J16: =IF(C16<$B$4,"Shipped",IF(I16<=$B$4,"Start Now","Scheduled")) -> Scheduled
A17: MDL-F601 | B17: Customer F | C17: 46352 | D17: 28800 | E17: 960 | F17: =ROUNDUP(D17/E17,0) -> 30 | G17: 0.93 | H17: =ROUNDUP(F17/G17,0) -> 33 | I17: =C17-$B$3 -> 46345 | J17: =IF(C17<$B$4,"Shipped",IF(I17<=$B$4,"Start Now","Scheduled")) -> Scheduled
A18: MDL-F618 | B18: Customer F | C18: 46353 | D18: 45000 | E18: 1500 | F18: =ROUNDUP(D18/E18,0) -> 30 | G18: 0.96 | H18: =ROUNDUP(F18/G18,0) -> 32 | I18: =C18-$B$3 -> 46346 | J18: =IF(C18<$B$4,"Shipped",IF(I18<=$B$4,"Start Now","Scheduled")) -> Scheduled
A19: TOTAL | D19: =SUM(D7:D18) -> 477680 | F19: =SUM(F7:F18) -> 366 | H19: =SUM(H7:H18) -> 392
A21: Logic: Lots Required = Shipment Qty / Pcs per Lot (rounded up). Lots to Start = Lots Required / Expected Yield (rounded up) to cover process loss.
A22: Start By = Shipment Date minus lead time. Status compares dates with the Plan date in B4.

Sheet Daily Output
A1: Daily Actual Output - October 2026 (Sample)
A2: Target and actual are fictional. Edit blue cells; variance, attainment and productivity recalculate.
A4: Date | B4: Process | C4: Target (pcs) | D4: Actual (pcs) | E4: Variance (pcs) | F4: Attainment % | G4: Operators | H4: Output per Operator
A5: 46296 | B5: First Process | C5: 42000 | D5: 41400 | E5: =D5-C5 -> -600 | F5: =IFERROR(D5/C5,0) -> 0.98571429 | G5: 12 | H5: =IFERROR(D5/G5,0) -> 3450
A6: 46296 | B6: Washing | C6: 38000 | D6: 32100 | E6: =D6-C6 -> -5900 | F6: =IFERROR(D6/C6,0) -> 0.84473684 | G6: 9 | H6: =IFERROR(D6/G6,0) -> 3566.6667
A7: 46297 | B7: First Process | C7: 42000 | D7: 37900 | E7: =D7-C7 -> -4100 | F7: =IFERROR(D7/C7,0) -> 0.90238095 | G7: 12 | H7: =IFERROR(D7/G7,0) -> 3158.3333
A8: 46297 | B8: Washing | C8: 38000 | D8: 33800 | E8: =D8-C8 -> -4200 | F8: =IFERROR(D8/C8,0) -> 0.88947368 | G8: 9 | H8: =IFERROR(D8/G8,0) -> 3755.5556
A9: 46300 | B9: First Process | C9: 42000 | D9: 42300 | E9: =D9-C9 -> 300 | F9: =IFERROR(D9/C9,0) -> 1.0071429 | G9: 12 | H9: =IFERROR(D9/G9,0) -> 3525
A10: 46300 | B10: Washing | C10: 38000 | D10: 37800 | E10: =D10-C10 -> -200 | F10: =IFERROR(D10/C10,0) -> 0.99473684 | G10: 9 | H10: =IFERROR(D10/G10,0) -> 4200
A11: 46301 | B11: First Process | C11: 42000 | D11: 43800 | E11: =D11-C11 -> 1800 | F11: =IFERROR(D11/C11,0) -> 1.0428571 | G11: 12 | H11: =IFERROR(D11/G11,0) -> 3650
A12: 46301 | B12: Washing | C12: 38000 | D12: 32600 | E12: =D12-C12 -> -5400 | F12: =IFERROR(D12/C12,0) -> 0.85789474 | G12: 9 | H12: =IFERROR(D12/G12,0) -> 3622.2222
A13: 46302 | B13: First Process | C13: 42000 | D13: 39300 | E13: =D13-C13 -> -2700 | F13: =IFERROR(D13/C13,0) -> 0.93571429 | G13: 12 | H13: =IFERROR(D13/G13,0) -> 3275
A14: 46302 | B14: Washing | C14: 38000 | D14: 32100 | E14: =D14-C14 -> -5900 | F14: =IFERROR(D14/C14,0) -> 0.84473684 | G14: 9 | H14: =IFERROR(D14/G14,0) -> 3566.6667
A15: 46303 | B15: First Process | C15: 42000 | D15: 37300 | E15: =D15-C15 -> -4700 | F15: =IFERROR(D15/C15,0) -> 0.88809524 | G15: 12 | H15: =IFERROR(D15/G15,0) -> 3108.3333
A16: 46303 | B16: Washing | C16: 38000 | D16: 36300 | E16: =D16-C16 -> -1700 | F16: =IFERROR(D16/C16,0) -> 0.95526316 | G16: 9 | H16: =IFERROR(D16/G16,0) -> 4033.3333
... A44: 46323 | B44: Washing | C44: 38000 | D44: 36900 | E44: =D44-C44 -> -1100 | F44: =IFERROR(D44/C44,0) -> 0.97105263 | G44: 9 | H44: =IFERROR(D44/G44,0) -> 4100

Sheet Machine Schedule
A1: Machine Schedule - Week of Oct 29, 2026 (Sample)
A3: Setup time between jobs (hrs) | B3: 0.5 | C3: Assumption: fixed changeover time added after each job (sample value).
A5: Machine | B5: Model | C5: Lots | D5: Hours per Lot | E5: Run Time (hrs) | F5: Start | G5: Finish
A6: GRIND-01 | B6: MDL-A101 | C6: 10 | D6: 0.65 | E6: =C6*D6 -> 6.5 | F6: 46324.292 | G6: =F6+E6/24 -> 46324.562
A7: GRIND-01 | B7: MDL-A102 | C7: 8 | D7: 0.65 | E7: =C7*D7 -> 5.2 | F7: =G6+$B$3/24 -> 46324.583 | G7: =F7+E7/24 -> 46324.8
A8: GRIND-01 | B8: MDL-C305 | C8: 12 | D8: 0.5 | E8: =C8*D8 -> 6 | F8: =G7+$B$3/24 -> 46324.821 | G8: =F8+E8/24 -> 46325.071
A9: GRIND-01 | B9: MDL-F601 | C9: 6 | D9: 0.8 | E9: =C9*D9 -> 4.8 | F9: =G8+$B$3/24 -> 46325.092 | G9: =F9+E9/24 -> 46325.292
A10: GRIND-02 | B10: MDL-B210 | C10: 14 | D10: 0.6 | E10: =C10*D10 -> 8.4 | F10: 46324.292 | G10: =F10+E10/24 -> 46324.642
A11: GRIND-02 | B11: MDL-B215 | C11: 9 | D11: 0.9 | E11: =C11*D11 -> 8.1 | F11: =G10+$B$3/24 -> 46324.662 | G11: =F11+E11/24 -> 46325
A12: GRIND-02 | B12: MDL-D433 | C12: 11 | D12: 0.55 | E12: =C12*D12 -> 6.05 | F12: =G11+$B$3/24 -> 46325.021 | G12: =F12+E12/24 -> 46325.273
A13: GRIND-02 | B13: MDL-E510 | C13: 7 | D13: 0.7 | E13: =C13*D13 -> 4.9 | F13: =G12+$B$3/24 -> 46325.294 | G13: =F13+E13/24 -> 46325.498
A14: CHAMFER-01 | B14: MDL-C312 | C14: 20 | D14: 0.35 | E14: =C14*D14 -> 7 | F14: 46324.292 | G14: =F14+E14/24 -> 46324.583
A15: CHAMFER-01 | B15: MDL-D420 | C15: 16 | D15: 0.4 | E15: =C15*D15 -> 6.4 | F15: =G14+$B$3/24 -> 46324.604 | G15: =F15+E15/24 -> 46324.871
A16: CHAMFER-01 | B16: MDL-E525 | C16: 18 | D16: 0.3 | E16: =C16*D16 -> 5.4 | F16: =G15+$B$3/24 -> 46324.892 | G16: =F16+E16/24 -> 46325.117
A17: CHAMFER-01 | B17: MDL-F618 | C17: 12 | D17: 0.45 | E17: =C17*D17 -> 5.4 | F17: =G16+$B$3/24 -> 46325.137 | G17: =F17+E17/24 -> 46325.363
A19: Logic: Run Time = Lots x Hours per Lot. Each job starts after the previous one finishes plus setup time (B3). First job per machine start is an input.

Sheet Material Request
A1: Material Request Summary (Sample)
A3: Model | B3: BOM Code | C3: Pcs per Lot | D3: Lots Requested | E3: RM Lots Available | F3: Net Lots to Request | G3: Net Pcs to Request | H3: Link: Lots to Start
A4: MDL-A101 | B4: BOM-1001 | C4: 1200 | D4: 40 | E4: 12 | F4: =MAX(0,D4-E4) -> 28 | G4: =F4*C4 -> 33600 | H4: =INDEX('Production Plan'!$H$7:$H$18,MATCH(A4,'Production Plan'!$A$7:$A$18,0)) -> 42
A5: MDL-A102 | B5: BOM-1002 | C5: 1200 | D5: 32 | E5: 20 | F5: =MAX(0,D5-E5) -> 12 | G5: =F5*C5 -> 14400 | H5: =INDEX('Production Plan'!$H$7:$H$18,MATCH(A5,'Production Plan'!$A$7:$A$18,0)) -> 32
A6: MDL-B210 | B6: BOM-2101 | C6: 840 | D6: 30 | E6: 30 | F6: =MAX(0,D6-E6) -> 0 | G6: =F6*C6 -> 0 | H6: =INDEX('Production Plan'!$H$7:$H$18,MATCH(A6,'Production Plan'!$A$7:$A$18,0)) -> 33
A7: MDL-B215 | B7: BOM-2150 | C7: 2016 | D7: 33 | E7: 10 | F7: =MAX(0,D7-E7) -> 23 | G7: =F7*C7 -> 46368 | H7: =INDEX('Production Plan'!$H$7:$H$18,MATCH(A7,'Production Plan'!$A$7:$A$18,0)) -> 32
A8: MDL-C305 | B8: BOM-3050 | C8: 500 | D8: 31 | E8: 5 | F8: =MAX(0,D8-E8) -> 26 | G8: =F8*C8 -> 13000 | H8: =INDEX('Production Plan'!$H$7:$H$18,MATCH(A8,'Production Plan'!$A$7:$A$18,0)) -> 31
A9: MDL-C312 | B9: BOM-3120 | C9: 1600 | D9: 29 | E9: 14 | F9: =MAX(0,D9-E9) -> 15 | G9: =F9*C9 -> 24000 | H9: =INDEX('Production Plan'!$H$7:$H$18,MATCH(A9,'Production Plan'!$A$7:$A$18,0)) -> 29
A10: TOTAL | F10: =SUM(F4:F9) -> 104 | G10: =SUM(G4:G9) -> 131368
A12: Logic: Net Lots = Lots Requested minus RM Lots Available (never below zero). Last column pulls Lots to Start from the Production Plan for comparison.
